{
  "tool": "pysr",
  "dataset": "stressstrain",
  "status": "ok",
  "error": null,
  "seconds": 214.611,
  "equation": "(-0.69588935*x0*(x0*0.37996623 + x1*x1) + x0)/(x0 - 1*(-0.009795009))",
  "equation_count": 15,
  "id_test": {
    "rmse": 0.05328868089388271,
    "r2": 0.9619742107833312,
    "nmse": 0.007267222599173481
  },
  "ood_test": {
    "rmse": 0.048594531469204214,
    "r2": 0.850114888954214,
    "nmse": 0.008054261901817957
  },
  "params": {
    "exp_path": "/home/family/workplace/scientific-intelligent-modelling/bench_results/stressstrain_pysr_n300_20260404_193900/pysr/stressstrain/experiments",
    "niterations": 300,
    "population_size": 64,
    "populations": 32,
    "maxsize": 30,
    "procs": 32,
    "progress": true,
    "verbosity": 1,
    "random_state": 1314
  }
}