{
  "tool": "pysr",
  "dataset": "oscillator2",
  "status": "ok",
  "error": null,
  "seconds": 480.351,
  "equation": "x1*(x2*x2 - 1*0.15902056)/(x1*x1 + 0.018518107)",
  "equation_count": 15,
  "id_test": {
    "rmse": 0.15477706251067588,
    "r2": 0.853986391894829,
    "nmse": 0.145968545150161
  },
  "ood_test": {
    "rmse": 1.1149950169051424,
    "r2": -0.2816614372590023,
    "nmse": 1.2806019364226713
  },
  "feature_names": [
    "t",
    "x",
    "v"
  ],
  "target_name": "a",
  "params": {
    "exp_path": "/home/family/workplace/scientific-intelligent-modelling/bench_results/osc_local_20260404_195723/pysr/oscillator2/experiments",
    "niterations": 100,
    "population_size": 64,
    "populations": 32,
    "maxsize": 30,
    "procs": 32,
    "progress": true,
    "verbosity": 1,
    "random_state": 1314
  }
}