{
  "iteration": 1,
  "sample_order": 0,
  "score": -0.0292746338125333,
  "function": "def equation(x0: np.ndarray, x1: np.ndarray, params: np.ndarray) -> np.ndarray:\n    \"\"\"Equation to be evolved.\n\n    Background:\n    Calculate Stress given Strain and Temperature\n\n    Variables:\n    - Independents: x0, x1\n- Dependent: y\n\n    Parameters:\n    - params (np.ndarray): Trainable coefficients used by the equation skeleton.\n    \"\"\"\n    return params[0] + params[1] * x0 + params[2] * x1\n\n",
  "params": [
    0.8900345185714663,
    0.12464597511098743,
    -0.6986507363144641,
    0.011085735309993794,
    0.7587322924493363,
    0.959878885551736,
    -0.5776126814800349,
    -0.8506210809406454,
    0.7579839779539379,
    0.9284463263066607
  ]
}