{
  "iteration": 1,
  "sample_order": 0,
  "score": -0.029274633815796133,
  "function": "def equation(x0: np.ndarray, x1: np.ndarray, params: np.ndarray) -> np.ndarray:\n    \"\"\"Equation to be evolved.\n\n    Background:\n    Calculate Stress given Strain and Temperature\n\n    Variables:\n    - Independents: x0, x1\n- Dependent: y\n\n    Parameters:\n    - params (np.ndarray): Trainable coefficients used by the equation skeleton.\n    \"\"\"\n    return params[0] + params[1] * x0 + params[2] * x1\n\n",
  "params": [
    0.890034925171425,
    0.12465388686086662,
    -0.6986531820886356,
    0.09500359534604486,
    -0.32708208062498545,
    -0.3687372769058761,
    -0.3296134852883217,
    -0.9951298904444261,
    -0.7132548728781869,
    -0.4953711771299336
  ]
}