subset,subset_size,master_size,spearman,kendall,pairwise_win_agreement,aggregate_score_mae,aggregate_score_rmse
master100,100,100,1.0,1.0,1.0,0.0,0.0
core50,50,100,1.0,1.0,1.0,0.2620364781775361,0.2953727556264409
reserve50,50,100,1.0,1.0,1.0,0.2620364781775359,0.2953727556264407
