{
  "tool": "pysr",
  "dataset": "oscillator1",
  "status": "ok",
  "error": null,
  "seconds": 469.598,
  "equation": "(-x0 + x1*(-3.1604505)*(x0 + x1*(x0*(2.0116854 + x1*(-3.1186998)) + x1)))*0.15486139",
  "equation_count": 15,
  "id_test": {
    "rmse": 0.001991851423032883,
    "r2": 0.9990906409653374,
    "nmse": 0.000868485173143076
  },
  "ood_test": {
    "rmse": 0.06169659776913944,
    "r2": 0.49902915427390404,
    "nmse": 0.4974717026055259
  },
  "feature_names": [
    "x",
    "v"
  ],
  "target_name": "a",
  "params": {
    "exp_path": "/home/family/workplace/scientific-intelligent-modelling/bench_results/osc_local_20260404_195723/pysr/oscillator1/experiments",
    "niterations": 100,
    "population_size": 64,
    "populations": 32,
    "maxsize": 30,
    "procs": 32,
    "progress": true,
    "verbosity": 1,
    "random_state": 1314
  }
}